Date,State,State_Code,District,District_Code,Confirmed,Active,Recovered,Deceased,Under_Observation,Home_Isolation,Symptomatic_Hospitalized,Symptomatic_Hospitalized_Today
31-01-2020,Kerala,32,Thiruvananthapuram,601,0,0,0,0,111,105,6,5
31-01-2020,Kerala,32,Kollam,600,0,0,0,0,128,122,6,4
31-01-2020,Kerala,32,Pathanamthitta,599,0,0,0,0,43,43,0,0
31-01-2020,Kerala,32,Idukki,596,0,0,0,0,21,21,0,0
31-01-2020,Kerala,32,Kottayam,597,0,0,0,0,52,52,0,0
31-01-2020,Kerala,32,Alappuzha,598,0,0,0,0,93,87,6,5
31-01-2020,Kerala,32,Ernakulam,595,0,0,0,0,204,195,9,5
31-01-2020,Kerala,32,Thrissur,594,1,1,0,0,124,110,14,11
31-01-2020,Kerala,32,Palakkad,593,0,0,0,0,93,92,1,1
31-01-2020,Kerala,32,Malappuram,592,0,0,0,0,210,205,5,3
31-01-2020,Kerala,32,Kozhikode,591,0,0,0,0,214,211,3,2
31-01-2020,Kerala,32,Wayanad,590,0,0,0,0,22,22,0,0
31-01-2020,Kerala,32,Kannur,589,0,0,0,0,96,96,0,0
31-01-2020,Kerala,32,Kasaragod,588,0,0,0,0,60,60,0,0
01-02-2020,Kerala,32,Thiruvananthapuram,601,0,0,0,0,126,119,7,1
01-02-2020,Kerala,32,Kollam,600,0,0,0,0,156,147,9,3
01-02-2020,Kerala,32,Pathanamthitta,599,0,0,0,0,64,63,1,1
01-02-2020,Kerala,32,Idukki,596,0,0,0,0,24,24,0,0
01-02-2020,Kerala,32,Kottayam,597,0,0,0,0,62,62,0,0
01-02-2020,Kerala,32,Alappuzha,598,0,0,0,0,120,112,8,2
01-02-2020,Kerala,32,Ernakulam,595,0,0,0,0,238,229,9,1
01-02-2020,Kerala,32,Thrissur,594,1,1,0,0,154,134,20,6
01-02-2020,Kerala,32,Palakkad,593,0,0,0,0,99,96,3,2
01-02-2020,Kerala,32,Malappuram,592,0,0,0,0,265,259,6,1
01-02-2020,Kerala,32,Kozhikode,591,0,0,0,0,268,262,6,3
01-02-2020,Kerala,32,Wayanad,590,0,0,0,0,28,28,0,0
01-02-2020,Kerala,32,Kannur,589,0,0,0,0,121,120,1,1
01-02-2020,Kerala,32,Kasaragod,588,0,0,0,0,68,68,0,0
02-02-2020,Kerala,32,Thiruvananthapuram,601,0,0,0,0,153,147,6,1
02-02-2020,Kerala,32,Kollam,600,0,0,0,0,166,160,6,0
02-02-2020,Kerala,32,Pathanamthitta,599,0,0,0,0,66,64,2,1
02-02-2020,Kerala,32,Idukki,596,0,0,0,0,25,25,0,0
02-02-2020,Kerala,32,Kottayam,597,0,0,0,0,66,66,0,0
02-02-2020,Kerala,32,Alappuzha,598,1,1,0,0,125,116,9,1
02-02-2020,Kerala,32,Ernakulam,595,0,0,0,0,260,251,9,1
02-02-2020,Kerala,32,Thrissur,594,1,1,0,0,174,152,22,2
02-02-2020,Kerala,32,Palakkad,593,0,0,0,0,113,109,4,1
02-02-2020,Kerala,32,Malappuram,592,0,0,0,0,315,307,8,3
02-02-2020,Kerala,32,Kozhikode,591,0,0,0,0,291,284,7,1
02-02-2020,Kerala,32,Wayanad,590,0,0,0,0,38,38,0,0
02-02-2020,Kerala,32,Kannur,589,0,0,0,0,127,126,1,0
02-02-2020,Kerala,32,Kasaragod,588,0,0,0,0,80,79,1,1
03-02-2020,Kerala,32,Thiruvananthapuram,601,0,0,0,0,174,168,6,1
03-02-2020,Kerala,32,Kollam,600,0,0,0,0,201,194,7,0
03-02-2020,Kerala,32,Pathanamthitta,599,0,0,0,0,70,69,1,1
03-02-2020,Kerala,32,Idukki,596,0,0,0,0,26,26,0,0
03-02-2020,Kerala,32,Kottayam,597,0,0,0,0,79,79,0,0
03-02-2020,Kerala,32,Alappuzha,598,1,1,0,0,152,142,10,1
03-02-2020,Kerala,32,Ernakulam,595,0,0,0,0,297,285,12,1
03-02-2020,Kerala,32,Thrissur,594,1,1,0,0,189,165,24,2
03-02-2020,Kerala,32,Palakkad,593,0,0,0,0,123,119,4,1
03-02-2020,Kerala,32,Malappuram,592,0,0,0,0,343,330,13,3
03-02-2020,Kerala,32,Kozhikode,591,0,0,0,0,310,306,4,1
03-02-2020,Kerala,32,Wayanad,590,0,0,0,0,42,42,0,0
03-02-2020,Kerala,32,Kannur,589,0,0,0,0,147,145,2,0
03-02-2020,Kerala,32,Kasaragod,588,1,1,0,0,86,85,1,1
04-02-2020,Kerala,32,Thiruvananthapuram,601,0,0,0,0,189,184,5,1
04-02-2020,Kerala,32,Kollam,600,0,0,0,0,213,210,3,2
04-02-2020,Kerala,32,Pathanamthitta,599,0,0,0,0,74,73,1,0
04-02-2020,Kerala,32,Idukki,596,0,0,0,0,35,35,0,0
04-02-2020,Kerala,32,Kottayam,597,0,0,0,0,84,81,3,3
04-02-2020,Kerala,32,Alappuzha,598,1,1,0,0,182,169,13,3
04-02-2020,Kerala,32,Ernakulam,595,0,0,0,0,315,303,12,0
04-02-2020,Kerala,32,Thrissur,594,1,1,0,0,230,202,28,4
04-02-2020,Kerala,32,Palakkad,593,0,0,0,0,130,127,3,0
04-02-2020,Kerala,32,Malappuram,592,0,0,0,0,357,337,20,7
04-02-2020,Kerala,32,Kozhikode,591,0,0,0,0,316,310,6,2
04-02-2020,Kerala,32,Wayanad,590,0,0,0,0,43,43,0,0
04-02-2020,Kerala,32,Kannur,589,0,0,0,0,162,159,3,1
04-02-2020,Kerala,32,Kasaragod,588,1,1,0,0,91,88,3,2
05-02-2020,Kerala,32,Thiruvananthapuram,601,0,0,0,0,195,190,5,1
05-02-2020,Kerala,32,Kollam,600,0,0,0,0,224,221,3,1
05-02-2020,Kerala,32,Pathanamthitta,599,0,0,0,0,81,81,0,0
05-02-2020,Kerala,32,Idukki,596,0,0,0,0,36,36,0,0
05-02-2020,Kerala,32,Kottayam,597,0,0,0,0,92,89,3,0
05-02-2020,Kerala,32,Alappuzha,598,1,1,0,0,179,171,8,1
05-02-2020,Kerala,32,Ernakulam,595,0,0,0,0,333,330,3,2
05-02-2020,Kerala,32,Thrissur,594,1,1,0,0,241,211,30,2
05-02-2020,Kerala,32,Palakkad,593,0,0,0,0,142,138,4,1
05-02-2020,Kerala,32,Malappuram,592,0,0,0,0,383,357,26,6
05-02-2020,Kerala,32,Kozhikode,591,0,0,0,0,306,301,5,1
05-02-2020,Kerala,32,Wayanad,590,0,0,0,0,49,49,0,0
05-02-2020,Kerala,32,Kannur,589,0,0,0,0,173,171,2,0
05-02-2020,Kerala,32,Kasaragod,588,1,1,0,0,94,90,4,1
06-02-2020,Kerala,32,Thiruvananthapuram,601,0,0,0,0,218,211,7,3
06-02-2020,Kerala,32,Kollam,600,0,0,0,0,243,239,4,1
06-02-2020,Kerala,32,Pathanamthitta,599,0,0,0,0,85,85,0,0
06-02-2020,Kerala,32,Idukki,596,0,0,0,0,37,37,0,0
06-02-2020,Kerala,32,Kottayam,597,0,0,0,0,100,99,1,0
06-02-2020,Kerala,32,Alappuzha,598,1,1,0,0,206,199,7,1
06-02-2020,Kerala,32,Ernakulam,595,0,0,0,0,345,342,3,1
06-02-2020,Kerala,32,Thrissur,594,1,1,0,0,268,246,22,2
06-02-2020,Kerala,32,Palakkad,593,0,0,0,0,155,151,4,1
06-02-2020,Kerala,32,Malappuram,592,0,0,0,0,396,372,24,3
06-02-2020,Kerala,32,Kozhikode,591,0,0,0,0,358,354,4,0
06-02-2020,Kerala,32,Wayanad,590,0,0,0,0,54,54,0,0
06-02-2020,Kerala,32,Kannur,589,0,0,0,0,264,261,3,1
06-02-2020,Kerala,32,Kasaragod,588,1,1,0,0,97,93,4,0
07-02-2020,Kerala,32,Thiruvananthapuram,601,0,0,0,0,251,246,5,1
07-02-2020,Kerala,32,Kollam,600,0,0,0,0,266,263,3,0
07-02-2020,Kerala,32,Pathanamthitta,599,0,0,0,0,85,85,0,0
07-02-2020,Kerala,32,Idukki,596,0,0,0,0,37,37,0,0
07-02-2020,Kerala,32,Kottayam,597,0,0,0,0,103,103,0,0
07-02-2020,Kerala,32,Alappuzha,598,1,1,0,0,233,229,4,1
07-02-2020,Kerala,32,Ernakulam,595,0,0,0,0,365,361,4,1
07-02-2020,Kerala,32,Thrissur,594,1,1,0,0,292,282,10,2
07-02-2020,Kerala,32,Palakkad,593,0,0,0,0,158,154,4,0
07-02-2020,Kerala,32,Malappuram,592,0,0,0,0,412,390,22,2
07-02-2020,Kerala,32,Kozhikode,591,0,0,0,0,370,368,2,1
07-02-2020,Kerala,32,Wayanad,590,0,0,0,0,59,59,0,0
07-02-2020,Kerala,32,Kannur,589,0,0,0,0,285,281,4,1
07-02-2020,Kerala,32,Kasaragod,588,1,1,0,0,98,95,3,1
08-02-2020,Kerala,32,Thiruvananthapuram,601,0,0,0,0,270,261,9,5
08-02-2020,Kerala,32,Kollam,600,0,0,0,0,287,283,4,1
08-02-2020,Kerala,32,Pathanamthitta,599,0,0,0,0,90,90,0,0
08-02-2020,Kerala,32,Idukki,596,0,0,0,0,42,42,0,0
08-02-2020,Kerala,32,Kottayam,597,0,0,0,0,105,105,0,0
08-02-2020,Kerala,32,Alappuzha,598,1,1,0,0,248,246,2,0
08-02-2020,Kerala,32,Ernakulam,595,0,0,0,0,377,377,0,0
08-02-2020,Kerala,32,Thrissur,594,1,1,0,0,299,292,7,0
08-02-2020,Kerala,32,Palakkad,593,0,0,0,0,161,159,2,0
08-02-2020,Kerala,32,Malappuram,592,0,0,0,0,418,403,15,2
08-02-2020,Kerala,32,Kozhikode,591,0,0,0,0,378,377,1,0
08-02-2020,Kerala,32,Wayanad,590,0,0,0,0,70,70,0,0
08-02-2020,Kerala,32,Kannur,589,0,0,0,0,301,298,3,1
08-02-2020,Kerala,32,Kasaragod,588,1,1,0,0,98,96,2,0
09-02-2020,Kerala,32,Thiruvananthapuram,601,0,0,0,0,327,320,7,1
09-02-2020,Kerala,32,Kollam,600,0,0,0,0,300,300,0,0
09-02-2020,Kerala,32,Pathanamthitta,599,0,0,0,0,92,92,0,0
09-02-2020,Kerala,32,Idukki,596,0,0,0,0,42,42,0,0
09-02-2020,Kerala,32,Kottayam,597,0,0,0,0,113,113,0,0
09-02-2020,Kerala,32,Alappuzha,598,1,1,0,0,253,251,2,0
09-02-2020,Kerala,32,Ernakulam,595,0,0,0,0,380,379,1,1
09-02-2020,Kerala,32,Thrissur,594,1,1,0,0,301,294,7,2
09-02-2020,Kerala,32,Palakkad,593,0,0,0,0,162,160,2,0
09-02-2020,Kerala,32,Malappuram,592,0,0,0,0,418,410,8,0
09-02-2020,Kerala,32,Kozhikode,591,0,0,0,0,389,386,3,2
09-02-2020,Kerala,32,Wayanad,590,0,0,0,0,70,70,0,0
09-02-2020,Kerala,32,Kannur,589,0,0,0,0,307,305,2,0
09-02-2020,Kerala,32,Kasaragod,588,1,1,0,0,98,96,2,0
10-02-2020,Kerala,32,Thiruvananthapuram,601,0,0,0,0,366,362,4,1
10-02-2020,Kerala,32,Kollam,600,0,0,0,0,318,317,1,1
10-02-2020,Kerala,32,Pathanamthitta,599,0,0,0,0,92,92,0,0
10-02-2020,Kerala,32,Idukki,596,0,0,0,0,42,42,0,0
10-02-2020,Kerala,32,Kottayam,597,0,0,0,0,113,113,0,0
10-02-2020,Kerala,32,Alappuzha,598,1,1,0,0,259,257,2,1
10-02-2020,Kerala,32,Ernakulam,595,0,0,0,0,408,407,1,0
10-02-2020,Kerala,32,Thrissur,594,1,1,0,0,304,298,6,2
10-02-2020,Kerala,32,Palakkad,593,0,0,0,0,162,161,1,1
10-02-2020,Kerala,32,Malappuram,592,0,0,0,0,421,412,9,1
10-02-2020,Kerala,32,Kozhikode,591,0,0,0,0,396,393,3,1
10-02-2020,Kerala,32,Wayanad,590,0,0,0,0,71,71,0,0
10-02-2020,Kerala,32,Kannur,589,0,0,0,0,317,314,3,2
10-02-2020,Kerala,32,Kasaragod,588,1,1,0,0,98,97,1,0
11-02-2020,Kerala,32,Thiruvananthapuram,601,0,0,0,0,403,399,4,1
11-02-2020,Kerala,32,Kollam,600,0,0,0,0,326,324,2,1
11-02-2020,Kerala,32,Pathanamthitta,599,0,0,0,0,93,93,0,0
11-02-2020,Kerala,32,Idukki,596,0,0,0,0,44,44,0,0
11-02-2020,Kerala,32,Kottayam,597,0,0,0,0,113,113,0,0
11-02-2020,Kerala,32,Alappuzha,598,1,1,0,0,259,257,2,0
11-02-2020,Kerala,32,Ernakulam,595,0,0,0,0,415,415,0,0
11-02-2020,Kerala,32,Thrissur,594,1,1,0,0,312,304,8,2
11-02-2020,Kerala,32,Palakkad,593,0,0,0,0,163,162,1,0
11-02-2020,Kerala,32,Malappuram,592,0,0,0,0,423,419,4,2
11-02-2020,Kerala,32,Kozhikode,591,0,0,0,0,398,396,2,1
11-02-2020,Kerala,32,Wayanad,590,0,0,0,0,71,71,0,0
11-02-2020,Kerala,32,Kannur,589,0,0,0,0,321,318,3,0
11-02-2020,Kerala,32,Kasaragod,588,1,1,0,0,106,105,1,0
12-02-2020,Kerala,32,Thiruvananthapuram,601,0,0,0,0,339,336,3,79
12-02-2020,Kerala,32,Kollam,600,0,0,0,0,192,190,2,135
12-02-2020,Kerala,32,Pathanamthitta,599,0,0,0,0,65,65,0,33
12-02-2020,Kerala,32,Idukki,596,0,0,0,0,33,33,0,16
12-02-2020,Kerala,32,Kottayam,597,0,0,0,0,88,88,0,27
12-02-2020,Kerala,32,Alappuzha,598,1,1,0,0,177,176,1,82
12-02-2020,Kerala,32,Ernakulam,595,0,0,0,0,333,333,0,91
12-02-2020,Kerala,32,Thrissur,594,1,1,0,0,235,229,6,77
12-02-2020,Kerala,32,Palakkad,593,0,0,0,0,119,118,1,47
12-02-2020,Kerala,32,Malappuram,592,0,0,0,0,281,277,4,143
12-02-2020,Kerala,32,Kozhikode,591,0,0,0,0,266,262,4,134
12-02-2020,Kerala,32,Wayanad,590,0,0,0,0,50,50,0,23
12-02-2020,Kerala,32,Kannur,589,0,0,0,0,193,191,2,129
12-02-2020,Kerala,32,Kasaragod,588,1,1,0,0,84,83,1,24
13-02-2020,Kerala,32,Thiruvananthapuram,601,0,0,0,0,344,339,5,8
13-02-2020,Kerala,32,Kollam,600,0,0,0,0,180,178,2,15
13-02-2020,Kerala,32,Pathanamthitta,599,0,0,0,0,56,56,0,9
13-02-2020,Kerala,32,Idukki,596,0,0,0,0,25,25,0,8
13-02-2020,Kerala,32,Kottayam,597,0,0,0,0,87,87,0,2
13-02-2020,Kerala,32,Alappuzha,598,1,1,0,0,169,169,0,9
13-02-2020,Kerala,32,Ernakulam,595,0,0,0,0,337,337,0,5
13-02-2020,Kerala,32,Thrissur,594,1,1,0,0,210,206,4,25
13-02-2020,Kerala,32,Palakkad,593,0,0,0,0,117,116,1,2
13-02-2020,Kerala,32,Malappuram,592,0,0,0,0,290,287,3,9
13-02-2020,Kerala,32,Kozhikode,591,0,0,0,0,249,245,4,20
13-02-2020,Kerala,32,Wayanad,590,0,0,0,0,50,50,0,0
13-02-2020,Kerala,32,Kannur,589,0,0,0,0,202,200,2,5
13-02-2020,Kerala,32,Kasaragod,588,1,1,0,0,81,80,1,5
14-02-2020,Kerala,32,Thiruvananthapuram,601,0,0,0,0,297,293,4,51
14-02-2020,Kerala,32,Kollam,600,0,0,0,0,174,172,2,8
14-02-2020,Kerala,32,Pathanamthitta,599,0,0,0,0,55,55,0,1
14-02-2020,Kerala,32,Idukki,596,0,0,0,0,26,26,0,0
14-02-2020,Kerala,32,Kottayam,597,0,0,0,0,87,87,0,1
14-02-2020,Kerala,32,Alappuzha,598,1,1,0,0,170,170,0,0
14-02-2020,Kerala,32,Ernakulam,595,0,0,0,0,329,328,1,10
14-02-2020,Kerala,32,Thrissur,594,1,1,0,0,199,196,3,12
14-02-2020,Kerala,32,Palakkad,593,0,0,0,0,116,116,0,1
14-02-2020,Kerala,32,Malappuram,592,0,0,0,0,269,268,1,22
14-02-2020,Kerala,32,Kozhikode,591,0,0,0,0,239,236,3,11
14-02-2020,Kerala,32,Wayanad,590,0,0,0,0,50,50,0,2
14-02-2020,Kerala,32,Kannur,589,0,0,0,0,195,194,1,11
14-02-2020,Kerala,32,Kasaragod,588,1,1,0,0,82,81,1,0
15-02-2020,Kerala,32,Thiruvananthapuram,601,0,0,0,0,293,288,5,8
15-02-2020,Kerala,32,Kollam,600,0,0,0,0,167,166,1,9
15-02-2020,Kerala,32,Pathanamthitta,599,0,0,0,0,49,49,0,6
15-02-2020,Kerala,32,Idukki,596,0,0,0,0,27,27,0,0
15-02-2020,Kerala,32,Kottayam,597,0,0,0,0,78,78,0,9
15-02-2020,Kerala,32,Alappuzha,598,1,1,0,0,170,170,0,0
15-02-2020,Kerala,32,Ernakulam,595,0,0,0,0,325,323,2,6
15-02-2020,Kerala,32,Thrissur,594,1,1,0,0,185,182,3,16
15-02-2020,Kerala,32,Palakkad,593,0,0,0,0,115,115,0,4
15-02-2020,Kerala,32,Malappuram,592,0,0,0,0,253,252,1,17
15-02-2020,Kerala,32,Kozhikode,591,0,0,0,0,223,221,2,18
15-02-2020,Kerala,32,Wayanad,590,0,0,0,0,52,52,0,3
15-02-2020,Kerala,32,Kannur,589,0,0,0,0,196,195,1,10
15-02-2020,Kerala,32,Kasaragod,588,1,0,1,0,77,76,1,5
16-02-2020,Kerala,32,Thiruvananthapuram,601,0,0,0,0,388,384,4,4
16-02-2020,Kerala,32,Kollam,600,0,0,0,0,164,164,0,5
16-02-2020,Kerala,32,Pathanamthitta,599,0,0,0,0,43,43,0,6
16-02-2020,Kerala,32,Idukki,596,0,0,0,0,27,27,0,0
16-02-2020,Kerala,32,Kottayam,597,0,0,0,0,78,78,0,0
16-02-2020,Kerala,32,Alappuzha,598,1,0,1,0,172,172,0,0
16-02-2020,Kerala,32,Ernakulam,595,0,0,0,0,328,326,2,0
16-02-2020,Kerala,32,Thrissur,594,1,1,0,0,183,179,4,3
16-02-2020,Kerala,32,Palakkad,593,0,0,0,0,111,111,0,4
16-02-2020,Kerala,32,Malappuram,592,0,0,0,0,242,241,1,12
16-02-2020,Kerala,32,Kozhikode,591,0,0,0,0,222,220,2,1
16-02-2020,Kerala,32,Wayanad,590,0,0,0,0,51,51,0,1
16-02-2020,Kerala,32,Kannur,589,0,0,0,0,196,195,1,0
16-02-2020,Kerala,32,Kasaragod,588,1,0,1,0,71,71,0,6
17-02-2020,Kerala,32,Thiruvananthapuram,601,0,0,0,0,401,397,4,31
17-02-2020,Kerala,32,Kollam,600,0,0,0,0,156,156,0,8
17-02-2020,Kerala,32,Pathanamthitta,599,0,0,0,0,44,44,0,1
17-02-2020,Kerala,32,Idukki,596,0,0,0,0,27,27,0,0
17-02-2020,Kerala,32,Kottayam,597,0,0,0,0,76,76,0,3
17-02-2020,Kerala,32,Alappuzha,598,1,0,1,0,172,172,0,0
17-02-2020,Kerala,32,Ernakulam,595,0,0,0,0,323,323,0,14
17-02-2020,Kerala,32,Thrissur,594,1,1,0,0,179,175,4,12
17-02-2020,Kerala,32,Palakkad,593,0,0,0,0,109,109,0,8
17-02-2020,Kerala,32,Malappuram,592,0,0,0,0,243,240,3,7
17-02-2020,Kerala,32,Kozhikode,591,0,0,0,0,202,200,2,22
17-02-2020,Kerala,32,Wayanad,590,0,0,0,0,54,54,0,0
17-02-2020,Kerala,32,Kannur,589,0,0,0,0,193,193,0,10
17-02-2020,Kerala,32,Kasaragod,588,1,0,1,0,67,67,0,4
18-02-2020,Kerala,32,Thiruvananthapuram,601,0,0,0,0,421,419,2,3
18-02-2020,Kerala,32,Kollam,600,0,0,0,0,154,154,0,3
18-02-2020,Kerala,32,Pathanamthitta,599,0,0,0,0,40,40,0,4
18-02-2020,Kerala,32,Idukki,596,0,0,0,0,24,24,0,3
18-02-2020,Kerala,32,Kottayam,597,0,0,0,0,75,75,0,2
18-02-2020,Kerala,32,Alappuzha,598,1,0,1,0,175,174,1,0
18-02-2020,Kerala,32,Ernakulam,595,0,0,0,0,322,322,0,1
18-02-2020,Kerala,32,Thrissur,594,1,1,0,0,170,166,4,10
18-02-2020,Kerala,32,Palakkad,593,0,0,0,0,105,104,1,4
18-02-2020,Kerala,32,Malappuram,592,0,0,0,0,245,242,3,4
18-02-2020,Kerala,32,Kozhikode,591,0,0,0,0,195,193,2,7
18-02-2020,Kerala,32,Wayanad,590,0,0,0,0,54,54,0,0
18-02-2020,Kerala,32,Kannur,589,0,0,0,0,186,186,0,7
18-02-2020,Kerala,32,Kasaragod,588,1,0,1,0,56,56,0,11
19-02-2020,Kerala,32,Thiruvananthapuram,601,0,0,0,0,413,411,2,27
19-02-2020,Kerala,32,Kollam,600,0,0,0,0,155,155,0,5
19-02-2020,Kerala,32,Pathanamthitta,599,0,0,0,0,38,38,0,4
19-02-2020,Kerala,32,Idukki,596,0,0,0,0,24,24,0,0
19-02-2020,Kerala,32,Kottayam,597,0,0,0,0,78,78,0,0
19-02-2020,Kerala,32,Alappuzha,598,1,0,1,0,181,180,1,0
19-02-2020,Kerala,32,Ernakulam,595,0,0,0,0,332,332,0,4
19-02-2020,Kerala,32,Thrissur,594,1,1,0,0,176,174,2,3
19-02-2020,Kerala,32,Palakkad,593,0,0,0,0,105,104,1,1
19-02-2020,Kerala,32,Malappuram,592,0,0,0,0,252,250,2,3
19-02-2020,Kerala,32,Kozhikode,591,0,0,0,0,193,193,0,3
19-02-2020,Kerala,32,Wayanad,590,0,0,0,0,56,56,0,1
19-02-2020,Kerala,32,Kannur,589,0,0,0,0,186,186,0,4
19-02-2020,Kerala,32,Kasaragod,588,1,0,1,0,53,53,0,3
20-02-2020,Kerala,32,Thiruvananthapuram,601,0,0,0,0,227,224,3,193
20-02-2020,Kerala,32,Kollam,600,0,0,0,0,20,20,0,137
20-02-2020,Kerala,32,Pathanamthitta,599,0,0,0,0,2,2,0,36
20-02-2020,Kerala,32,Idukki,596,0,0,0,0,2,2,0,22
20-02-2020,Kerala,32,Kottayam,597,0,0,0,0,71,71,0,10
20-02-2020,Kerala,32,Alappuzha,598,1,0,1,0,40,39,1,141
20-02-2020,Kerala,32,Ernakulam,595,0,0,0,0,111,110,1,227
20-02-2020,Kerala,32,Thrissur,594,1,0,1,0,169,169,0,7
20-02-2020,Kerala,32,Palakkad,593,0,0,0,0,11,11,0,94
20-02-2020,Kerala,32,Malappuram,592,0,0,0,0,245,244,1,7
20-02-2020,Kerala,32,Kozhikode,591,0,0,0,0,5,4,1,189
20-02-2020,Kerala,32,Wayanad,590,0,0,0,0,0,0,0,56
20-02-2020,Kerala,32,Kannur,589,0,0,0,0,7,7,0,181
20-02-2020,Kerala,32,Kasaragod,588,1,0,1,0,4,4,0,49
21-02-2020,Kerala,32,Thiruvananthapuram,601,0,0,0,0,208,206,2,27
21-02-2020,Kerala,32,Kollam,600,0,0,0,0,11,11,0,9
21-02-2020,Kerala,32,Pathanamthitta,599,0,0,0,0,2,2,0,0
21-02-2020,Kerala,32,Idukki,596,0,0,0,0,2,2,0,0
21-02-2020,Kerala,32,Kottayam,597,0,0,0,0,71,71,0,0
21-02-2020,Kerala,32,Alappuzha,598,1,0,1,0,30,29,1,10
21-02-2020,Kerala,32,Ernakulam,595,0,0,0,0,112,111,1,0
21-02-2020,Kerala,32,Thrissur,594,1,0,1,0,166,166,0,5
21-02-2020,Kerala,32,Palakkad,593,0,0,0,0,10,10,0,1
21-02-2020,Kerala,32,Malappuram,592,0,0,0,0,84,84,0,163
21-02-2020,Kerala,32,Kozhikode,591,0,0,0,0,4,3,1,1
21-02-2020,Kerala,32,Wayanad,590,0,0,0,0,0,0,0,0
21-02-2020,Kerala,32,Kannur,589,0,0,0,0,7,7,0,0
21-02-2020,Kerala,32,Kasaragod,588,1,0,1,0,4,4,0,0
22-02-2020,Kerala,32,Thiruvananthapuram,601,0,0,0,0,28,26,2,181
22-02-2020,Kerala,32,Kollam,600,0,0,0,0,7,7,0,4
22-02-2020,Kerala,32,Pathanamthitta,599,0,0,0,0,2,2,0,0
22-02-2020,Kerala,32,Idukki,596,0,0,0,0,2,2,0,0
22-02-2020,Kerala,32,Kottayam,597,0,0,0,0,9,9,0,63
22-02-2020,Kerala,32,Alappuzha,598,1,0,1,0,27,26,1,4
22-02-2020,Kerala,32,Ernakulam,595,0,0,0,0,7,7,0,108
22-02-2020,Kerala,32,Thrissur,594,1,0,1,0,31,30,1,136
22-02-2020,Kerala,32,Palakkad,593,0,0,0,0,11,11,0,0
22-02-2020,Kerala,32,Malappuram,592,0,0,0,0,6,6,0,79
22-02-2020,Kerala,32,Kozhikode,591,0,0,0,0,3,3,0,1
22-02-2020,Kerala,32,Wayanad,590,0,0,0,0,0,0,0,0
22-02-2020,Kerala,32,Kannur,589,0,0,0,0,5,4,1,3
22-02-2020,Kerala,32,Kasaragod,588,1,0,1,0,4,4,0,0
23-02-2020,Kerala,32,Thiruvananthapuram,601,0,0,0,0,28,26,2,0
23-02-2020,Kerala,32,Kollam,600,0,0,0,0,4,4,0,3
23-02-2020,Kerala,32,Pathanamthitta,599,0,0,0,0,2,2,0,0
23-02-2020,Kerala,32,Idukki,596,0,0,0,0,2,2,0,0
23-02-2020,Kerala,32,Kottayam,597,0,0,0,0,9,9,0,0
23-02-2020,Kerala,32,Alappuzha,598,1,0,1,0,18,17,1,9
23-02-2020,Kerala,32,Ernakulam,595,0,0,0,0,9,9,0,0
23-02-2020,Kerala,32,Thrissur,594,1,0,1,0,27,26,1,4
23-02-2020,Kerala,32,Palakkad,593,0,0,0,0,10,10,0,1
23-02-2020,Kerala,32,Malappuram,592,0,0,0,0,5,5,0,1
23-02-2020,Kerala,32,Kozhikode,591,0,0,0,0,3,3,0,0
23-02-2020,Kerala,32,Wayanad,590,0,0,0,0,0,0,0,0
23-02-2020,Kerala,32,Kannur,589,0,0,0,0,6,5,1,1
23-02-2020,Kerala,32,Kasaragod,588,1,0,1,0,4,4,0,0
24-02-2020,Kerala,32,Thiruvananthapuram,601,0,0,0,0,30,27,3,0
24-02-2020,Kerala,32,Kollam,600,0,0,0,0,4,4,0,0
24-02-2020,Kerala,32,Pathanamthitta,599,0,0,0,0,2,2,0,0
24-02-2020,Kerala,32,Idukki,596,0,0,0,0,1,1,0,1
24-02-2020,Kerala,32,Kottayam,597,0,0,0,0,10,10,0,0
24-02-2020,Kerala,32,Alappuzha,598,1,0,1,0,21,21,0,0
24-02-2020,Kerala,32,Ernakulam,595,0,0,0,0,9,9,0,0
24-02-2020,Kerala,32,Thrissur,594,1,0,1,0,30,27,3,5
24-02-2020,Kerala,32,Palakkad,593,0,0,0,0,10,10,0,1
24-02-2020,Kerala,32,Malappuram,592,0,0,0,0,5,5,0,0
24-02-2020,Kerala,32,Kozhikode,591,0,0,0,0,3,3,0,0
24-02-2020,Kerala,32,Wayanad,590,0,0,0,0,0,0,0,0
24-02-2020,Kerala,32,Kannur,589,0,0,0,0,6,5,1,0
24-02-2020,Kerala,32,Kasaragod,588,1,0,1,0,4,4,0,0
25-02-2020,Kerala,32,Thiruvananthapuram,601,0,0,0,0,31,27,4,1
25-02-2020,Kerala,32,Kollam,600,0,0,0,0,4,4,0,0
25-02-2020,Kerala,32,Pathanamthitta,599,0,0,0,0,3,2,1,0
25-02-2020,Kerala,32,Idukki,596,0,0,0,0,1,1,0,0
25-02-2020,Kerala,32,Kottayam,597,0,0,0,0,10,10,0,0
25-02-2020,Kerala,32,Alappuzha,598,1,0,1,0,17,17,0,4
25-02-2020,Kerala,32,Ernakulam,595,0,0,0,0,10,10,0,0
25-02-2020,Kerala,32,Thrissur,594,1,0,1,0,27,25,2,5
25-02-2020,Kerala,32,Palakkad,593,0,0,0,0,6,6,0,4
25-02-2020,Kerala,32,Malappuram,592,0,0,0,0,5,5,0,0
25-02-2020,Kerala,32,Kozhikode,591,0,0,0,0,4,4,0,0
25-02-2020,Kerala,32,Wayanad,590,0,0,0,0,0,0,0,0
25-02-2020,Kerala,32,Kannur,589,0,0,0,0,5,4,1,1
25-02-2020,Kerala,32,Kasaragod,588,1,0,1,0,3,3,0,1
26-02-2020,Kerala,32,Thiruvananthapuram,601,0,0,0,0,30,28,2,4
26-02-2020,Kerala,32,Kollam,600,0,0,0,0,4,4,0,0
26-02-2020,Kerala,32,Pathanamthitta,599,0,0,0,0,3,3,0,0
26-02-2020,Kerala,32,Idukki,596,0,0,0,0,1,1,0,0
26-02-2020,Kerala,32,Kottayam,597,0,0,0,0,12,12,0,0
26-02-2020,Kerala,32,Alappuzha,598,1,0,1,0,17,17,0,1
26-02-2020,Kerala,32,Ernakulam,595,0,0,0,0,13,13,0,0
26-02-2020,Kerala,32,Thrissur,594,1,0,1,0,27,27,0,2
26-02-2020,Kerala,32,Palakkad,593,0,0,0,0,7,7,0,0
26-02-2020,Kerala,32,Malappuram,592,0,0,0,0,5,5,0,0
26-02-2020,Kerala,32,Kozhikode,591,0,0,0,0,4,4,0,0
26-02-2020,Kerala,32,Wayanad,590,0,0,0,0,0,0,0,0
26-02-2020,Kerala,32,Kannur,589,0,0,0,0,6,6,0,0
26-02-2020,Kerala,32,Kasaragod,588,1,0,1,0,3,3,0,0
27-02-2020,Kerala,32,Thiruvananthapuram,601,0,0,0,0,26,24,2,4
27-02-2020,Kerala,32,Kollam,600,0,0,0,0,5,4,1,0
27-02-2020,Kerala,32,Pathanamthitta,599,0,0,0,0,2,2,0,1
27-02-2020,Kerala,32,Idukki,596,0,0,0,0,0,0,0,1
27-02-2020,Kerala,32,Kottayam,597,0,0,0,0,13,13,0,1
27-02-2020,Kerala,32,Alappuzha,598,1,0,1,0,20,19,1,0
27-02-2020,Kerala,32,Ernakulam,595,0,0,0,0,21,20,1,0
27-02-2020,Kerala,32,Thrissur,594,1,0,1,0,22,21,1,7
27-02-2020,Kerala,32,Palakkad,593,0,0,0,0,8,8,0,1
27-02-2020,Kerala,32,Malappuram,592,0,0,0,0,5,5,0,0
27-02-2020,Kerala,32,Kozhikode,591,0,0,0,0,5,4,1,0
27-02-2020,Kerala,32,Wayanad,590,0,0,0,0,0,0,0,0
27-02-2020,Kerala,32,Kannur,589,0,0,0,0,5,5,0,1
27-02-2020,Kerala,32,Kasaragod,588,1,0,1,0,3,3,0,0
28-02-2020,Kerala,32,Thiruvananthapuram,601,0,0,0,0,26,26,0,0
28-02-2020,Kerala,32,Kollam,600,0,0,0,0,7,5,2,0
28-02-2020,Kerala,32,Pathanamthitta,599,0,0,0,0,2,2,0,0
28-02-2020,Kerala,32,Idukki,596,0,0,0,0,0,0,0,0
28-02-2020,Kerala,32,Kottayam,597,0,0,0,0,16,16,0,0
28-02-2020,Kerala,32,Alappuzha,598,1,0,1,0,8,7,1,12
28-02-2020,Kerala,32,Ernakulam,595,0,0,0,0,30,28,2,8
28-02-2020,Kerala,32,Thrissur,594,1,0,1,0,23,20,3,6
28-02-2020,Kerala,32,Palakkad,593,0,0,0,0,7,7,0,3
28-02-2020,Kerala,32,Malappuram,592,0,0,0,0,5,5,0,0
28-02-2020,Kerala,32,Kozhikode,591,0,0,0,0,6,6,0,0
28-02-2020,Kerala,32,Wayanad,590,0,0,0,0,0,0,0,0
28-02-2020,Kerala,32,Kannur,589,0,0,0,0,3,3,0,2
28-02-2020,Kerala,32,Kasaragod,588,1,0,1,0,3,3,0,3
29-02-2020,Kerala,32,Thiruvananthapuram,601,0,0,0,0,26,25,1,1
29-02-2020,Kerala,32,Kollam,600,0,0,0,0,6,4,2,2
29-02-2020,Kerala,32,Pathanamthitta,599,0,0,0,0,3,3,0,0
29-02-2020,Kerala,32,Idukki,596,0,0,0,0,3,3,0,0
29-02-2020,Kerala,32,Kottayam,597,0,0,0,0,26,26,0,0
29-02-2020,Kerala,32,Alappuzha,598,1,0,1,0,8,8,0,0
29-02-2020,Kerala,32,Ernakulam,595,0,0,0,0,41,40,1,0
29-02-2020,Kerala,32,Thrissur,594,1,0,1,0,38,35,3,0
29-02-2020,Kerala,32,Palakkad,593,0,0,0,0,2,2,0,5
29-02-2020,Kerala,32,Malappuram,592,0,0,0,0,6,5,1,0
29-02-2020,Kerala,32,Kozhikode,591,0,0,0,0,8,7,1,0
29-02-2020,Kerala,32,Wayanad,590,0,0,0,0,0,0,0,0
29-02-2020,Kerala,32,Kannur,589,0,0,0,0,9,9,0,0
29-02-2020,Kerala,32,Kasaragod,588,1,0,1,0,15,14,1,0
01-03-2020,Kerala,32,Thiruvananthapuram,601,0,0,0,0,32,30,2,0
01-03-2020,Kerala,32,Kollam,600,0,0,0,0,6,5,1,0
01-03-2020,Kerala,32,Pathanamthitta,599,0,0,0,0,1,1,0,2
01-03-2020,Kerala,32,Idukki,596,0,0,0,0,3,3,0,0
01-03-2020,Kerala,32,Kottayam,597,0,0,0,0,28,28,0,0
01-03-2020,Kerala,32,Alappuzha,598,1,0,1,0,6,6,0,2
01-03-2020,Kerala,32,Ernakulam,595,0,0,0,0,50,48,2,0
01-03-2020,Kerala,32,Thrissur,594,1,0,1,0,44,39,5,1
01-03-2020,Kerala,32,Palakkad,593,0,0,0,0,2,2,0,0
01-03-2020,Kerala,32,Malappuram,592,0,0,0,0,2,1,1,4
01-03-2020,Kerala,32,Kozhikode,591,0,0,0,0,8,7,1,0
01-03-2020,Kerala,32,Wayanad,590,0,0,0,0,0,0,0,0
01-03-2020,Kerala,32,Kannur,589,0,0,0,0,9,9,0,0
01-03-2020,Kerala,32,Kasaragod,588,1,0,1,0,15,14,1,0
02-03-2020,Kerala,32,Thiruvananthapuram,601,0,0,0,0,28,25,3,8
02-03-2020,Kerala,32,Kollam,600,0,0,0,0,9,8,1,0
02-03-2020,Kerala,32,Pathanamthitta,599,0,0,0,0,3,2,1,0
02-03-2020,Kerala,32,Idukki,596,0,0,0,0,5,5,0,3
02-03-2020,Kerala,32,Kottayam,597,0,0,0,0,35,35,0,2
02-03-2020,Kerala,32,Alappuzha,598,1,0,1,0,9,9,0,1
02-03-2020,Kerala,32,Ernakulam,595,0,0,0,0,80,78,2,0
02-03-2020,Kerala,32,Thrissur,594,1,0,1,0,52,46,6,4
02-03-2020,Kerala,32,Palakkad,593,0,0,0,0,9,8,1,0
02-03-2020,Kerala,32,Malappuram,592,0,0,0,0,6,6,0,2
02-03-2020,Kerala,32,Kozhikode,591,0,0,0,0,9,7,2,0
02-03-2020,Kerala,32,Wayanad,590,0,0,0,0,4,4,0,0
02-03-2020,Kerala,32,Kannur,589,0,0,0,0,22,22,0,0
02-03-2020,Kerala,32,Kasaragod,588,1,0,1,0,22,21,1,0
03-03-2020,Kerala,32,Thiruvananthapuram,601,0,0,0,0,30,28,2,6
03-03-2020,Kerala,32,Kollam,600,0,0,0,0,24,22,2,0
03-03-2020,Kerala,32,Pathanamthitta,599,0,0,0,0,6,3,3,0
03-03-2020,Kerala,32,Idukki,596,0,0,0,0,8,8,0,0
03-03-2020,Kerala,32,Kottayam,597,0,0,0,0,41,41,0,0
03-03-2020,Kerala,32,Alappuzha,598,1,0,1,0,16,16,0,0
03-03-2020,Kerala,32,Ernakulam,595,0,0,0,0,105,103,2,0
03-03-2020,Kerala,32,Thrissur,594,1,0,1,0,58,52,6,2
03-03-2020,Kerala,32,Palakkad,593,0,0,0,0,8,7,1,2
03-03-2020,Kerala,32,Malappuram,592,0,0,0,0,34,32,2,0
03-03-2020,Kerala,32,Kozhikode,591,0,0,0,0,13,9,4,2
03-03-2020,Kerala,32,Wayanad,590,0,0,0,0,4,4,0,0
03-03-2020,Kerala,32,Kannur,589,0,0,0,0,31,30,1,0
03-03-2020,Kerala,32,Kasaragod,588,1,0,1,0,33,33,0,0
04-03-2020,Kerala,32,Thiruvananthapuram,601,0,0,0,0,29,27,2,3
04-03-2020,Kerala,32,Kollam,600,0,0,0,0,27,25,2,0
04-03-2020,Kerala,32,Pathanamthitta,599,0,0,0,0,9,6,3,0
04-03-2020,Kerala,32,Idukki,596,0,0,0,0,9,9,0,0
04-03-2020,Kerala,32,Kottayam,597,0,0,0,0,42,42,0,5
04-03-2020,Kerala,32,Alappuzha,598,1,0,1,0,19,19,0,0
04-03-2020,Kerala,32,Ernakulam,595,0,0,0,0,126,124,2,0
04-03-2020,Kerala,32,Thrissur,594,1,0,1,0,63,54,9,0
04-03-2020,Kerala,32,Palakkad,593,0,0,0,0,11,11,0,2
04-03-2020,Kerala,32,Malappuram,592,0,0,0,0,44,38,6,0
04-03-2020,Kerala,32,Kozhikode,591,0,0,0,0,21,16,5,1
04-03-2020,Kerala,32,Wayanad,590,0,0,0,0,4,4,0,0
04-03-2020,Kerala,32,Kannur,589,0,0,0,0,32,30,2,0
04-03-2020,Kerala,32,Kasaragod,588,1,0,1,0,33,33,0,0
05-03-2020,Kerala,32,Thiruvananthapuram,601,0,0,0,0,28,24,4,2
05-03-2020,Kerala,32,Kollam,600,0,0,0,0,28,26,2,1
05-03-2020,Kerala,32,Pathanamthitta,599,0,0,0,0,9,6,3,4
05-03-2020,Kerala,32,Idukki,596,0,0,0,0,9,9,0,0
05-03-2020,Kerala,32,Kottayam,597,0,0,0,0,59,59,0,0
05-03-2020,Kerala,32,Alappuzha,598,1,0,1,0,25,25,0,1
05-03-2020,Kerala,32,Ernakulam,595,0,0,0,0,129,127,2,0
05-03-2020,Kerala,32,Thrissur,594,1,0,1,0,83,71,12,1
05-03-2020,Kerala,32,Palakkad,593,0,0,0,0,16,14,2,1
05-03-2020,Kerala,32,Malappuram,592,0,0,0,0,50,44,6,0
05-03-2020,Kerala,32,Kozhikode,591,0,0,0,0,24,19,5,0
05-03-2020,Kerala,32,Wayanad,590,0,0,0,0,7,7,0,0
05-03-2020,Kerala,32,Kannur,589,0,0,0,0,38,35,3,0
05-03-2020,Kerala,32,Kasaragod,588,1,0,1,0,42,42,0,0
06-03-2020,Kerala,32,Thiruvananthapuram,601,0,0,0,0,28,25,3,0
06-03-2020,Kerala,32,Kollam,600,0,0,0,0,28,25,3,0
06-03-2020,Kerala,32,Pathanamthitta,599,0,0,0,0,17,11,6,0
06-03-2020,Kerala,32,Idukki,596,0,0,0,0,10,10,0,0
06-03-2020,Kerala,32,Kottayam,597,0,0,0,0,64,64,0,1
06-03-2020,Kerala,32,Alappuzha,598,1,0,1,0,28,27,1,0
06-03-2020,Kerala,32,Ernakulam,595,0,0,0,0,131,129,2,13
06-03-2020,Kerala,32,Thrissur,594,1,0,1,0,95,83,12,0
06-03-2020,Kerala,32,Palakkad,593,0,0,0,0,17,14,3,0
06-03-2020,Kerala,32,Malappuram,592,0,0,0,0,55,50,5,0
06-03-2020,Kerala,32,Kozhikode,591,0,0,0,0,24,18,6,0
06-03-2020,Kerala,32,Wayanad,590,0,0,0,0,9,9,0,0
06-03-2020,Kerala,32,Kannur,589,0,0,0,0,40,35,5,0
06-03-2020,Kerala,32,Kasaragod,588,1,0,1,0,46,46,0,0
07-03-2020,Kerala,32,Thiruvananthapuram,601,0,0,0,0,28,25,3,1
07-03-2020,Kerala,32,Kollam,600,0,0,0,0,30,27,3,0
07-03-2020,Kerala,32,Pathanamthitta,599,0,0,0,0,26,21,5,0
07-03-2020,Kerala,32,Idukki,596,0,0,0,0,11,11,0,0
07-03-2020,Kerala,32,Kottayam,597,0,0,0,0,71,71,0,0
07-03-2020,Kerala,32,Alappuzha,598,1,0,1,0,33,30,3,0
07-03-2020,Kerala,32,Ernakulam,595,0,0,0,0,138,134,4,0
07-03-2020,Kerala,32,Thrissur,594,1,0,1,0,101,86,15,0
07-03-2020,Kerala,32,Palakkad,593,0,0,0,0,18,14,4,1
07-03-2020,Kerala,32,Malappuram,592,0,0,0,0,41,30,11,15
07-03-2020,Kerala,32,Kozhikode,591,0,0,0,0,33,28,5,1
07-03-2020,Kerala,32,Wayanad,590,0,0,0,0,10,9,1,0
07-03-2020,Kerala,32,Kannur,589,0,0,0,0,45,37,8,2
07-03-2020,Kerala,32,Kasaragod,588,1,0,1,0,52,51,1,0
08-03-2020,Kerala,32,Thiruvananthapuram,601,0,0,0,0,33,29,4,2
08-03-2020,Kerala,32,Kollam,600,0,0,0,0,40,37,3,0
08-03-2020,Kerala,32,Pathanamthitta,599,5,5,0,0,36,26,10,0
08-03-2020,Kerala,32,Idukki,596,0,0,0,0,12,12,0,0
08-03-2020,Kerala,32,Kottayam,597,0,0,0,0,77,77,0,0
08-03-2020,Kerala,32,Alappuzha,598,1,0,1,0,39,36,3,0
08-03-2020,Kerala,32,Ernakulam,595,0,0,0,0,147,141,6,0
08-03-2020,Kerala,32,Thrissur,594,1,0,1,0,117,97,20,0
08-03-2020,Kerala,32,Palakkad,593,0,0,0,0,17,12,5,9
08-03-2020,Kerala,32,Malappuram,592,0,0,0,0,48,33,15,3
08-03-2020,Kerala,32,Kozhikode,591,0,0,0,0,46,41,5,0
08-03-2020,Kerala,32,Wayanad,590,0,0,0,0,10,9,1,0
08-03-2020,Kerala,32,Kannur,589,0,0,0,0,54,43,11,0
08-03-2020,Kerala,32,Kasaragod,588,1,0,1,0,56,55,1,0
09-03-2020,Kerala,32,Thiruvananthapuram,601,0,0,0,0,33,22,11,7
09-03-2020,Kerala,32,Kollam,600,0,0,0,0,75,66,9,6
09-03-2020,Kerala,32,Pathanamthitta,599,5,5,0,0,53,41,12,2
09-03-2020,Kerala,32,Idukki,596,0,0,0,0,38,37,1,1
09-03-2020,Kerala,32,Kottayam,597,0,0,0,0,83,79,4,4
09-03-2020,Kerala,32,Alappuzha,598,1,0,1,0,71,65,6,3
09-03-2020,Kerala,32,Ernakulam,595,1,1,0,0,177,171,6,0
09-03-2020,Kerala,32,Thrissur,594,1,0,1,0,211,172,39,22
09-03-2020,Kerala,32,Palakkad,593,0,0,0,0,36,22,14,12
09-03-2020,Kerala,32,Malappuram,592,0,0,0,0,76,52,24,20
09-03-2020,Kerala,32,Kozhikode,591,0,0,0,0,72,66,6,2
09-03-2020,Kerala,32,Wayanad,590,0,0,0,0,15,14,1,1
09-03-2020,Kerala,32,Kannur,589,0,0,0,0,83,69,14,4
09-03-2020,Kerala,32,Kasaragod,588,1,0,1,0,93,91,2,1
10-03-2020,Kerala,32,Thiruvananthapuram,601,0,0,0,0,92,76,16,6
10-03-2020,Kerala,32,Kollam,600,0,0,0,0,85,75,10,4
10-03-2020,Kerala,32,Pathanamthitta,599,9,9,0,0,60,45,15,5
10-03-2020,Kerala,32,Idukki,596,0,0,0,0,46,45,1,0
10-03-2020,Kerala,32,Kottayam,597,2,2,0,0,92,82,10,6
10-03-2020,Kerala,32,Alappuzha,598,1,0,1,0,98,78,20,14
10-03-2020,Kerala,32,Ernakulam,595,3,3,0,0,248,225,23,6
10-03-2020,Kerala,32,Thrissur,594,1,0,1,0,277,209,68,35
10-03-2020,Kerala,32,Palakkad,593,0,0,0,0,73,48,25,11
10-03-2020,Kerala,32,Malappuram,592,0,0,0,0,75,30,45,21
10-03-2020,Kerala,32,Kozhikode,591,0,0,0,0,133,118,15,10
10-03-2020,Kerala,32,Wayanad,590,0,0,0,0,23,22,1,0
10-03-2020,Kerala,32,Kannur,589,0,0,0,0,88,79,9,2
10-03-2020,Kerala,32,Kasaragod,588,1,0,1,0,105,104,1,0
11-03-2020,Kerala,32,Thiruvananthapuram,601,0,0,0,0,127,114,13,1
11-03-2020,Kerala,32,Kollam,600,0,0,0,0,177,167,10,6
11-03-2020,Kerala,32,Pathanamthitta,599,9,9,0,0,892,860,32,17
11-03-2020,Kerala,32,Idukki,596,0,0,0,0,53,53,0,0
11-03-2020,Kerala,32,Kottayam,597,2,2,0,0,243,231,12,2
11-03-2020,Kerala,32,Alappuzha,598,1,0,1,0,128,111,17,1
11-03-2020,Kerala,32,Ernakulam,595,3,3,0,0,304,280,24,8
11-03-2020,Kerala,32,Thrissur,594,1,0,1,0,613,535,78,12
11-03-2020,Kerala,32,Palakkad,593,0,0,0,0,102,77,25,4
11-03-2020,Kerala,32,Malappuram,592,0,0,0,0,93,32,61,21
11-03-2020,Kerala,32,Kozhikode,591,0,0,0,0,301,291,10,5
11-03-2020,Kerala,32,Wayanad,590,0,0,0,0,28,27,1,0
11-03-2020,Kerala,32,Kannur,589,0,0,0,0,128,121,7,3
11-03-2020,Kerala,32,Kasaragod,588,1,0,1,0,124,121,3,3
12-03-2020,Kerala,32,Thiruvananthapuram,601,0,0,0,0,142,137,5,2
12-03-2020,Kerala,32,Kollam,600,0,0,0,0,227,216,11,2
12-03-2020,Kerala,32,Pathanamthitta,599,9,9,0,0,896,862,34,2
12-03-2020,Kerala,32,Idukki,596,0,0,0,0,61,61,0,0
12-03-2020,Kerala,32,Kottayam,597,2,2,0,0,409,398,11,0
12-03-2020,Kerala,32,Alappuzha,598,1,0,1,0,161,140,21,5
12-03-2020,Kerala,32,Ernakulam,595,3,3,0,0,359,322,37,16
12-03-2020,Kerala,32,Thrissur,594,2,1,1,0,843,770,73,8
12-03-2020,Kerala,32,Palakkad,593,0,0,0,0,119,89,30,8
12-03-2020,Kerala,32,Malappuram,592,0,0,0,0,132,103,29,13
12-03-2020,Kerala,32,Kozhikode,591,0,0,0,0,483,476,7,3
12-03-2020,Kerala,32,Wayanad,590,0,0,0,0,38,38,0,0
12-03-2020,Kerala,32,Kannur,589,1,1,0,0,151,144,7,4
12-03-2020,Kerala,32,Kasaragod,588,1,0,1,0,159,154,5,2
13-03-2020,Kerala,32,Thiruvananthapuram,601,3,3,0,0,226,208,18,13
13-03-2020,Kerala,32,Kollam,600,0,0,0,0,324,312,12,3
13-03-2020,Kerala,32,Pathanamthitta,599,9,9,0,0,932,903,29,5
13-03-2020,Kerala,32,Idukki,596,0,0,0,0,52,52,0,0
13-03-2020,Kerala,32,Kottayam,597,2,2,0,0,736,725,11,2
13-03-2020,Kerala,32,Alappuzha,598,1,0,1,0,265,252,13,7
13-03-2020,Kerala,32,Ernakulam,595,3,3,0,0,437,407,30,1
13-03-2020,Kerala,32,Thrissur,594,2,1,1,0,1150,1078,72,5
13-03-2020,Kerala,32,Palakkad,593,0,0,0,0,146,124,22,7
13-03-2020,Kerala,32,Malappuram,592,0,0,0,0,165,135,30,1
13-03-2020,Kerala,32,Kozhikode,591,0,0,0,0,592,585,7,4
13-03-2020,Kerala,32,Wayanad,590,0,0,0,0,57,57,0,0
13-03-2020,Kerala,32,Kannur,589,1,1,0,0,181,158,23,16
13-03-2020,Kerala,32,Kasaragod,588,1,0,1,0,205,195,10,5
14-03-2020,Kerala,32,Thiruvananthapuram,601,3,3,0,0,313,284,29,15
14-03-2020,Kerala,32,Kollam,600,0,0,0,0,308,290,18,7
14-03-2020,Kerala,32,Pathanamthitta,599,9,9,0,0,969,941,28,4
14-03-2020,Kerala,32,Idukki,596,0,0,0,0,58,58,0,0
14-03-2020,Kerala,32,Kottayam,597,2,2,0,0,802,791,11,1
14-03-2020,Kerala,32,Alappuzha,598,1,0,1,0,523,513,10,1
14-03-2020,Kerala,32,Ernakulam,595,3,3,0,0,526,500,26,3
14-03-2020,Kerala,32,Thrissur,594,2,1,1,0,1391,1331,60,12
14-03-2020,Kerala,32,Palakkad,593,0,0,0,0,154,132,22,5
14-03-2020,Kerala,32,Malappuram,592,0,0,0,0,195,164,31,22
14-03-2020,Kerala,32,Kozhikode,591,0,0,0,0,1837,1819,18,16
14-03-2020,Kerala,32,Wayanad,590,0,0,0,0,105,105,0,0
14-03-2020,Kerala,32,Kannur,589,1,1,0,0,261,218,43,20
14-03-2020,Kerala,32,Kasaragod,588,1,0,1,0,235,229,6,0
15-03-2020,Kerala,32,Thiruvananthapuram,601,4,4,0,0,1449,1406,43,16
15-03-2020,Kerala,32,Kollam,600,0,0,0,0,368,355,13,0
15-03-2020,Kerala,32,Pathanamthitta,599,9,9,0,0,1638,1609,29,4
15-03-2020,Kerala,32,Idukki,596,1,1,0,0,75,75,0,0
15-03-2020,Kerala,32,Kottayam,597,2,2,0,0,873,863,10,1
15-03-2020,Kerala,32,Alappuzha,598,1,0,1,0,533,523,10,0
15-03-2020,Kerala,32,Ernakulam,595,3,3,0,0,613,581,32,10
15-03-2020,Kerala,32,Thrissur,594,2,1,1,0,1574,1526,48,8
15-03-2020,Kerala,32,Palakkad,593,0,0,0,0,179,151,28,9
15-03-2020,Kerala,32,Malappuram,592,0,0,0,0,242,225,17,7
15-03-2020,Kerala,32,Kozhikode,591,0,0,0,0,2683,2676,7,4
15-03-2020,Kerala,32,Wayanad,590,0,0,0,0,146,144,2,2
15-03-2020,Kerala,32,Kannur,589,1,1,0,0,305,261,44,7
15-03-2020,Kerala,32,Kasaragod,588,1,0,1,0,266,260,6,0
16-03-2020,Kerala,32,Thiruvananthapuram,601,4,4,0,0,661,614,47,11
16-03-2020,Kerala,32,Kollam,600,0,0,0,0,414,401,13,2
16-03-2020,Kerala,32,Pathanamthitta,599,9,9,0,0,1756,1735,21,3
16-03-2020,Kerala,32,Idukki,596,1,1,0,0,92,92,0,0
16-03-2020,Kerala,32,Kottayam,597,2,2,0,0,1034,1025,9,2
16-03-2020,Kerala,32,Alappuzha,598,1,0,1,0,795,784,11,7
16-03-2020,Kerala,32,Ernakulam,595,3,3,0,0,680,650,30,6
16-03-2020,Kerala,32,Thrissur,594,2,1,1,0,2041,1996,45,9
16-03-2020,Kerala,32,Palakkad,593,0,0,0,0,191,169,22,4
16-03-2020,Kerala,32,Malappuram,592,2,2,0,0,976,955,21,7
16-03-2020,Kerala,32,Kozhikode,591,0,0,0,0,3215,3207,8,8
16-03-2020,Kerala,32,Wayanad,590,0,0,0,0,217,215,2,0
16-03-2020,Kerala,32,Kannur,589,1,1,0,0,372,336,36,10
16-03-2020,Kerala,32,Kasaragod,588,2,1,1,0,296,291,5,3
17-03-2020,Kerala,32,Thiruvananthapuram,601,4,4,0,0,795,729,66,11
17-03-2020,Kerala,32,Kollam,600,0,0,0,0,667,655,12,1
17-03-2020,Kerala,32,Pathanamthitta,599,9,9,0,0,2500,2478,22,4
17-03-2020,Kerala,32,Idukki,596,1,1,0,0,374,374,0,0
17-03-2020,Kerala,32,Kottayam,597,2,2,0,0,1246,1238,8,1
17-03-2020,Kerala,32,Alappuzha,598,1,0,1,0,1107,1097,10,3
17-03-2020,Kerala,32,Ernakulam,595,3,3,0,0,938,917,21,1
17-03-2020,Kerala,32,Thrissur,594,2,1,1,0,2296,2258,38,7
17-03-2020,Kerala,32,Palakkad,593,0,0,0,0,232,205,27,9
17-03-2020,Kerala,32,Malappuram,592,2,2,0,0,2172,2154,18,7
17-03-2020,Kerala,32,Kozhikode,591,0,0,0,0,4144,4130,14,10
17-03-2020,Kerala,32,Wayanad,590,0,0,0,0,377,377,0,0
17-03-2020,Kerala,32,Kannur,589,1,1,0,0,824,798,26,7
17-03-2020,Kerala,32,Kasaragod,588,2,1,1,0,339,333,6,4
18-03-2020,Kerala,32,Thiruvananthapuram,601,4,4,0,0,2414,2350,64,3
18-03-2020,Kerala,32,Kollam,600,0,0,0,0,758,751,7,4
18-03-2020,Kerala,32,Pathanamthitta,599,9,9,0,0,2900,2884,16,2
18-03-2020,Kerala,32,Idukki,596,1,1,0,0,442,442,0,0
18-03-2020,Kerala,32,Kottayam,597,2,2,0,0,1311,1304,7,0
18-03-2020,Kerala,32,Alappuzha,598,1,0,1,0,1901,1893,8,4
18-03-2020,Kerala,32,Ernakulam,595,3,3,0,0,1012,989,23,4
18-03-2020,Kerala,32,Thrissur,594,2,1,1,0,2717,2684,33,8
18-03-2020,Kerala,32,Palakkad,593,0,0,0,0,309,280,29,9
18-03-2020,Kerala,32,Malappuram,592,2,2,0,0,3834,3821,13,6
18-03-2020,Kerala,32,Kozhikode,591,0,0,0,0,4953,4945,8,4
18-03-2020,Kerala,32,Wayanad,590,0,0,0,0,433,433,0,0
18-03-2020,Kerala,32,Kannur,589,1,1,0,0,2239,2218,21,10
18-03-2020,Kerala,32,Kasaragod,588,2,1,1,0,380,372,8,3
19-03-2020,Kerala,32,Thiruvananthapuram,601,4,4,0,0,2618,2553,65,6
19-03-2020,Kerala,32,Kollam,600,0,0,0,0,673,666,7,1
19-03-2020,Kerala,32,Pathanamthitta,599,9,9,0,0,3730,3715,15,6
19-03-2020,Kerala,32,Idukki,596,1,1,0,0,480,479,1,1
19-03-2020,Kerala,32,Kottayam,597,2,2,0,0,1596,1590,6,0
19-03-2020,Kerala,32,Alappuzha,598,1,0,1,0,2449,2439,10,7
19-03-2020,Kerala,32,Ernakulam,595,3,3,0,0,1108,1085,23,6
19-03-2020,Kerala,32,Thrissur,594,2,1,1,0,3008,2978,30,4
19-03-2020,Kerala,32,Palakkad,593,0,0,0,0,492,466,26,4
19-03-2020,Kerala,32,Malappuram,592,2,2,0,0,4712,4701,11,6
19-03-2020,Kerala,32,Kozhikode,591,0,0,0,0,5662,5652,10,8
19-03-2020,Kerala,32,Wayanad,590,0,0,0,0,545,545,0,0
19-03-2020,Kerala,32,Kannur,589,1,1,0,0,3583,3559,24,12
19-03-2020,Kerala,32,Kasaragod,588,3,2,1,0,517,508,9,3
20-03-2020,Kerala,32,Thiruvananthapuram,601,4,4,0,0,3710,3663,47,7
20-03-2020,Kerala,32,Kollam,600,0,0,0,0,659,652,7,2
20-03-2020,Kerala,32,Pathanamthitta,599,9,9,0,0,4570,4555,15,2
20-03-2020,Kerala,32,Idukki,596,1,1,0,0,504,503,1,0
20-03-2020,Kerala,32,Kottayam,597,2,2,0,0,1867,1862,5,0
20-03-2020,Kerala,32,Alappuzha,598,1,0,1,0,3763,3755,8,2
20-03-2020,Kerala,32,Ernakulam,595,9,9,0,0,4224,4196,28,7
20-03-2020,Kerala,32,Thrissur,594,2,1,1,0,3386,3357,29,9
20-03-2020,Kerala,32,Palakkad,593,0,0,0,0,3864,3838,26,0
20-03-2020,Kerala,32,Malappuram,592,2,2,0,0,6239,6232,7,3
20-03-2020,Kerala,32,Kozhikode,591,0,0,0,0,5798,5784,14,9
20-03-2020,Kerala,32,Wayanad,590,0,0,0,0,736,736,0,0
20-03-2020,Kerala,32,Kannur,589,1,1,0,0,4490,4465,25,11
20-03-2020,Kerala,32,Kasaragod,588,9,8,1,0,580,567,13,4
21-03-2020,Kerala,32,Thiruvananthapuram,601,4,4,0,0,4179,4136,43,3
21-03-2020,Kerala,32,Kollam,600,0,0,0,0,900,896,4,0
21-03-2020,Kerala,32,Pathanamthitta,599,9,9,0,0,5257,5242,15,4
21-03-2020,Kerala,32,Idukki,596,1,1,0,0,537,537,0,0
21-03-2020,Kerala,32,Kottayam,597,2,2,0,0,2134,2129,5,0
21-03-2020,Kerala,32,Alappuzha,598,1,0,1,0,4476,4470,6,1
21-03-2020,Kerala,32,Ernakulam,595,12,12,0,0,3474,3451,23,1
21-03-2020,Kerala,32,Thrissur,594,2,1,1,0,6538,6514,24,4
21-03-2020,Kerala,32,Palakkad,593,0,0,0,0,4110,4089,21,7
21-03-2020,Kerala,32,Malappuram,592,2,2,0,0,7018,7008,10,6
21-03-2020,Kerala,32,Kozhikode,591,0,0,0,0,7649,7626,23,18
21-03-2020,Kerala,32,Wayanad,590,0,0,0,0,889,888,1,1
21-03-2020,Kerala,32,Kannur,589,4,4,0,0,5187,5149,38,16
21-03-2020,Kerala,32,Kasaragod,588,15,14,1,0,665,650,15,9
22-03-2020,Kerala,32,Thiruvananthapuram,601,4,4,0,0,4926,4873,53,10
22-03-2020,Kerala,32,Kollam,600,0,0,0,0,1014,1011,3,0
22-03-2020,Kerala,32,Pathanamthitta,599,9,9,0,0,4767,4753,14,2
22-03-2020,Kerala,32,Idukki,596,1,1,0,0,600,597,3,3
22-03-2020,Kerala,32,Kottayam,597,2,2,0,0,2412,2406,6,1
22-03-2020,Kerala,32,Alappuzha,598,1,0,1,0,4428,4417,11,5
22-03-2020,Kerala,32,Ernakulam,595,14,14,0,0,3984,3961,23,4
22-03-2020,Kerala,32,Thrissur,594,2,1,1,0,8538,8498,40,19
22-03-2020,Kerala,32,Palakkad,593,0,0,0,0,5109,5084,25,9
22-03-2020,Kerala,32,Malappuram,592,4,4,0,0,7394,7383,11,7
22-03-2020,Kerala,32,Kozhikode,591,2,2,0,0,8150,8116,34,20
22-03-2020,Kerala,32,Wayanad,590,0,0,0,0,1114,1113,1,0
22-03-2020,Kerala,32,Kannur,589,8,8,0,0,6126,6077,49,16
22-03-2020,Kerala,32,Kasaragod,588,20,19,1,0,733,692,41,26
23-03-2020,Kerala,32,Thiruvananthapuram,601,4,4,0,0,5477,5426,51,22
23-03-2020,Kerala,32,Kollam,600,0,0,0,0,1073,1070,3,0
23-03-2020,Kerala,32,Pathanamthitta,599,10,10,0,0,4580,4565,15,3
23-03-2020,Kerala,32,Idukki,596,1,1,0,0,643,640,3,0
23-03-2020,Kerala,32,Kottayam,597,2,2,0,0,2499,2492,7,1
23-03-2020,Kerala,32,Alappuzha,598,1,0,1,0,4840,4826,14,3
23-03-2020,Kerala,32,Ernakulam,595,16,16,0,0,4230,4201,29,8
23-03-2020,Kerala,32,Thrissur,594,3,2,1,0,9336,9292,44,8
23-03-2020,Kerala,32,Palakkad,593,0,0,0,0,5162,5135,27,8
23-03-2020,Kerala,32,Malappuram,592,4,4,0,0,9294,9279,15,11
23-03-2020,Kerala,32,Kozhikode,591,2,2,0,0,8408,8370,38,12
23-03-2020,Kerala,32,Wayanad,590,0,0,0,0,1440,1436,4,3
23-03-2020,Kerala,32,Kannur,589,13,12,1,0,6481,6409,72,23
23-03-2020,Kerala,32,Kasaragod,588,39,38,1,0,857,796,61,20
24-03-2020,Kerala,32,Thiruvananthapuram,601,5,5,0,0,5919,5829,90,43
24-03-2020,Kerala,32,Kollam,600,0,0,0,0,1137,1131,6,5
24-03-2020,Kerala,32,Pathanamthitta,599,10,10,0,0,4524,4504,20,7
24-03-2020,Kerala,32,Idukki,596,1,1,0,0,1123,1118,5,2
24-03-2020,Kerala,32,Kottayam,597,3,3,0,0,2411,2405,6,0
24-03-2020,Kerala,32,Alappuzha,598,2,1,1,0,5509,5490,19,8
24-03-2020,Kerala,32,Ernakulam,595,17,17,0,0,4380,4347,33,4
24-03-2020,Kerala,32,Thrissur,594,3,2,1,0,10908,10879,29,8
24-03-2020,Kerala,32,Palakkad,593,1,1,0,0,5514,5478,36,11
24-03-2020,Kerala,32,Malappuram,592,5,5,0,0,9898,9869,29,18
24-03-2020,Kerala,32,Kozhikode,591,4,4,0,0,9709,9674,35,19
24-03-2020,Kerala,32,Wayanad,590,0,0,0,0,1499,1496,3,0
24-03-2020,Kerala,32,Kannur,589,13,12,1,0,7193,7123,70,15
24-03-2020,Kerala,32,Kasaragod,588,45,44,1,0,2736,2651,85,24
25-03-2020,Kerala,32,Thiruvananthapuram,601,5,4,1,0,6409,6315,94,16
25-03-2020,Kerala,32,Kollam,600,0,0,0,0,1192,1186,6,0
25-03-2020,Kerala,32,Pathanamthitta,599,12,12,0,0,4461,4440,21,1
25-03-2020,Kerala,32,Idukki,596,2,2,0,0,1224,1221,3,1
25-03-2020,Kerala,32,Kottayam,597,3,3,0,0,2688,2681,7,1
25-03-2020,Kerala,32,Alappuzha,598,2,1,1,0,5592,5574,18,4
25-03-2020,Kerala,32,Ernakulam,595,20,20,0,0,3308,3274,34,3
25-03-2020,Kerala,32,Thrissur,594,3,1,2,0,12081,12044,37,11
25-03-2020,Kerala,32,Palakkad,593,3,3,0,0,5420,5384,36,8
25-03-2020,Kerala,32,Malappuram,592,5,5,0,0,10515,10460,55,44
25-03-2020,Kerala,32,Kozhikode,591,5,5,0,0,9980,9937,43,10
25-03-2020,Kerala,32,Wayanad,590,0,0,0,0,1911,1908,3,0
25-03-2020,Kerala,32,Kannur,589,13,12,1,0,7967,7886,81,14
25-03-2020,Kerala,32,Kasaragod,588,45,44,1,0,3794,3700,94,9
26-03-2020,Kerala,32,Thiruvananthapuram,601,5,4,1,0,7968,7854,114,34
26-03-2020,Kerala,32,Kollam,600,0,0,0,0,16464,16456,8,3
26-03-2020,Kerala,32,Pathanamthitta,599,12,11,1,0,6417,6400,17,4
26-03-2020,Kerala,32,Idukki,596,3,3,0,0,1307,1304,3,1
26-03-2020,Kerala,32,Kottayam,597,3,3,0,0,2903,2896,7,0
26-03-2020,Kerala,32,Alappuzha,598,2,1,1,0,5791,5769,22,7
26-03-2020,Kerala,32,Ernakulam,595,20,15,5,0,3495,3463,32,5
26-03-2020,Kerala,32,Thrissur,594,5,3,2,0,13283,13233,50,18
26-03-2020,Kerala,32,Palakkad,593,3,3,0,0,5915,5873,42,13
26-03-2020,Kerala,32,Malappuram,592,8,8,0,0,11235,11160,75,20
26-03-2020,Kerala,32,Kozhikode,591,5,5,0,0,10324,10277,47,6
26-03-2020,Kerala,32,Wayanad,590,1,1,0,0,2913,2909,4,4
26-03-2020,Kerala,32,Kannur,589,22,21,1,0,9190,9110,80,14
26-03-2020,Kerala,32,Kasaragod,588,48,47,1,0,4798,4698,100,7
27-03-2020,Kerala,32,Thiruvananthapuram,601,5,4,1,0,11024,10923,101,13
27-03-2020,Kerala,32,Kollam,600,1,1,0,0,17021,17008,13,7
27-03-2020,Kerala,32,Pathanamthitta,599,12,11,1,0,6975,6951,24,8
27-03-2020,Kerala,32,Idukki,596,3,3,0,0,1538,1533,5,2
27-03-2020,Kerala,32,Kottayam,597,3,3,0,0,3207,3200,7,0
27-03-2020,Kerala,32,Alappuzha,598,2,1,1,0,5620,5600,20,4
27-03-2020,Kerala,32,Ernakulam,595,20,15,5,0,3919,3884,35,10
27-03-2020,Kerala,32,Thrissur,594,6,4,2,0,13455,13408,47,6
27-03-2020,Kerala,32,Palakkad,593,3,3,0,0,5366,5324,42,16
27-03-2020,Kerala,32,Malappuram,592,8,8,0,0,11346,11256,90,24
27-03-2020,Kerala,32,Kozhikode,591,6,6,0,0,10474,10437,37,4
27-03-2020,Kerala,32,Wayanad,590,1,1,0,0,4269,4264,5,1
27-03-2020,Kerala,32,Kannur,589,24,23,1,0,10128,10041,87,14
27-03-2020,Kerala,32,Kasaragod,588,82,81,1,0,5957,5854,103,3
28-03-2020,Kerala,32,Thiruvananthapuram,601,7,5,2,0,18094,17985,109,29
28-03-2020,Kerala,32,Kollam,600,2,2,0,0,17046,17023,23,15
28-03-2020,Kerala,32,Pathanamthitta,599,12,11,1,0,7855,7835,20,2
28-03-2020,Kerala,32,Idukki,596,3,2,1,0,1925,1921,4,1
28-03-2020,Kerala,32,Kottayam,597,3,1,2,0,3279,3276,3,0
28-03-2020,Kerala,32,Alappuzha,598,2,1,1,0,5771,5752,19,5
28-03-2020,Kerala,32,Ernakulam,595,20,14,5,1,4981,4949,32,2
28-03-2020,Kerala,32,Thrissur,594,6,4,2,0,14737,14700,37,14
28-03-2020,Kerala,32,Palakkad,593,4,4,0,0,16128,16091,37,15
28-03-2020,Kerala,32,Malappuram,592,9,9,0,0,11525,11445,80,19
28-03-2020,Kerala,32,Kozhikode,591,6,6,0,0,10654,10615,39,2
28-03-2020,Kerala,32,Wayanad,590,1,1,0,0,5458,5453,5,0
28-03-2020,Kerala,32,Kannur,589,24,23,1,0,10406,10321,85,17
28-03-2020,Kerala,32,Kasaragod,588,83,82,1,0,6511,6384,127,27
29-03-2020,Kerala,32,Thiruvananthapuram,601,8,6,2,0,18145,18052,93,18
29-03-2020,Kerala,32,Kollam,600,2,2,0,0,17040,17017,23,4
29-03-2020,Kerala,32,Pathanamthitta,599,12,7,5,0,7725,7704,21,4
29-03-2020,Kerala,32,Idukki,596,3,2,1,0,2265,2259,6,3
29-03-2020,Kerala,32,Kottayam,597,3,1,2,0,3354,3351,3,0
29-03-2020,Kerala,32,Alappuzha,598,2,1,1,0,6267,6246,21,7
29-03-2020,Kerala,32,Ernakulam,595,21,15,5,1,5730,5701,29,6
29-03-2020,Kerala,32,Thrissur,594,7,5,2,0,14935,14896,39,10
29-03-2020,Kerala,32,Palakkad,593,5,5,0,0,18837,18805,32,5
29-03-2020,Kerala,32,Malappuram,592,10,10,0,0,11625,11543,82,25
29-03-2020,Kerala,32,Kozhikode,591,6,6,0,0,10762,10741,21,2
29-03-2020,Kerala,32,Wayanad,590,1,1,0,0,6736,6728,8,5
29-03-2020,Kerala,32,Kannur,589,32,31,1,0,10748,10660,88,6
29-03-2020,Kerala,32,Kasaragod,588,90,89,1,0,7042,6915,127,10
30-03-2020,Kerala,32,Thiruvananthapuram,601,8,6,2,0,18122,18036,86,16
30-03-2020,Kerala,32,Kollam,600,2,2,0,0,17049,17032,17,4
30-03-2020,Kerala,32,Pathanamthitta,599,12,7,5,0,7486,7467,19,3
30-03-2020,Kerala,32,Idukki,596,5,4,1,0,2661,2655,6,2
30-03-2020,Kerala,32,Kottayam,597,3,1,2,0,3360,3356,4,1
30-03-2020,Kerala,32,Alappuzha,598,2,1,1,0,6627,6612,15,1
30-03-2020,Kerala,32,Ernakulam,595,21,15,5,1,5527,5502,25,7
30-03-2020,Kerala,32,Thrissur,594,7,5,2,0,17827,17785,42,9
30-03-2020,Kerala,32,Palakkad,593,5,5,0,0,20143,20099,44,16
30-03-2020,Kerala,32,Malappuram,592,10,10,0,0,12099,11994,105,26
30-03-2020,Kerala,32,Kozhikode,591,6,6,0,0,20135,20113,22,3
30-03-2020,Kerala,32,Wayanad,590,3,3,0,0,7906,7894,12,4
30-03-2020,Kerala,32,Kannur,589,43,42,1,0,10904,10812,92,25
30-03-2020,Kerala,32,Kasaragod,588,107,106,1,0,7437,7303,134,9
31-03-2020,Kerala,32,Thiruvananthapuram,601,10,7,2,1,18392,18315,77,13
31-03-2020,Kerala,32,Kollam,600,3,3,0,0,17247,17228,19,2
31-03-2020,Kerala,32,Pathanamthitta,599,12,5,7,0,7254,7241,13,2
31-03-2020,Kerala,32,Idukki,596,5,4,1,0,2737,2732,5,1
31-03-2020,Kerala,32,Kottayam,597,3,1,2,0,3258,3254,4,0
31-03-2020,Kerala,32,Alappuzha,598,2,1,1,0,6956,6945,11,1
31-03-2020,Kerala,32,Ernakulam,595,21,15,5,1,5312,5281,31,8
31-03-2020,Kerala,32,Thrissur,594,8,6,2,0,20588,20541,47,8
31-03-2020,Kerala,32,Palakkad,593,5,5,0,0,20219,20171,48,10
31-03-2020,Kerala,32,Malappuram,592,10,10,0,0,12642,12540,102,24
31-03-2020,Kerala,32,Kozhikode,591,6,6,0,0,21239,21222,17,5
31-03-2020,Kerala,32,Wayanad,590,3,3,0,0,8511,8498,13,2
31-03-2020,Kerala,32,Kannur,589,44,41,3,0,11049,10941,108,37
31-03-2020,Kerala,32,Kasaragod,588,109,108,1,0,7725,7562,163,37
01-04-2020,Kerala,32,Thiruvananthapuram,601,12,8,3,1,18058,17981,77,20
01-04-2020,Kerala,32,Kollam,600,3,3,0,0,16678,16661,17,2
01-04-2020,Kerala,32,Pathanamthitta,599,12,5,7,0,7575,7558,17,6
01-04-2020,Kerala,32,Idukki,596,5,4,1,0,2821,2815,6,1
01-04-2020,Kerala,32,Kottayam,597,3,1,2,0,3282,3278,4,1
01-04-2020,Kerala,32,Alappuzha,598,2,1,1,0,8049,8043,6,3
01-04-2020,Kerala,32,Ernakulam,595,24,18,5,1,4627,4590,37,7
01-04-2020,Kerala,32,Thrissur,594,10,8,2,0,18863,18825,38,9
01-04-2020,Kerala,32,Palakkad,593,6,6,0,0,20038,19986,52,10
01-04-2020,Kerala,32,Malappuram,592,12,12,0,0,12780,12721,59,20
01-04-2020,Kerala,32,Kozhikode,591,6,5,1,0,21485,21462,23,9
01-04-2020,Kerala,32,Wayanad,590,3,3,0,0,10031,10020,11,0
01-04-2020,Kerala,32,Kannur,589,46,43,3,0,10880,10782,98,18
01-04-2020,Kerala,32,Kasaragod,588,121,120,1,0,8963,8786,177,17
02-04-2020,Kerala,32,Thiruvananthapuram,601,13,8,4,1,18005,17921,84,27
02-04-2020,Kerala,32,Kollam,600,5,5,0,0,16171,16157,14,4
02-04-2020,Kerala,32,Pathanamthitta,599,13,6,7,0,8656,8631,25,9
02-04-2020,Kerala,32,Idukki,596,10,9,1,0,2836,2829,7,1
02-04-2020,Kerala,32,Kottayam,597,3,1,2,0,3304,3301,3,0
02-04-2020,Kerala,32,Alappuzha,598,2,1,1,0,7108,7098,10,4
02-04-2020,Kerala,32,Ernakulam,595,24,18,5,1,3878,3843,35,1
02-04-2020,Kerala,32,Thrissur,594,11,9,2,0,19099,19062,37,8
02-04-2020,Kerala,32,Palakkad,593,6,6,0,0,19721,19669,52,8
02-04-2020,Kerala,32,Malappuram,592,13,12,1,0,13936,13873,63,25
02-04-2020,Kerala,32,Kozhikode,591,7,6,1,0,21934,21906,28,9
02-04-2020,Kerala,32,Wayanad,590,3,3,0,0,10753,10745,8,5
02-04-2020,Kerala,32,Kannur,589,47,44,3,0,10301,10201,100,23
02-04-2020,Kerala,32,Kasaragod,588,129,128,1,0,10232,10055,177,21
03-04-2020,Kerala,32,Thiruvananthapuram,601,13,8,4,1,18093,18005,88,27
03-04-2020,Kerala,32,Kollam,600,5,5,0,0,15906,15884,22,9
03-04-2020,Kerala,32,Pathanamthitta,599,13,5,8,0,8437,8415,22,6
03-04-2020,Kerala,32,Idukki,596,10,7,3,0,2946,2936,10,4
03-04-2020,Kerala,32,Kottayam,597,3,0,3,0,3251,3247,4,1
03-04-2020,Kerala,32,Alappuzha,598,2,1,1,0,7378,7366,12,4
03-04-2020,Kerala,32,Ernakulam,595,24,18,5,1,12133,12097,36,2
03-04-2020,Kerala,32,Thrissur,594,12,10,2,0,14073,14033,40,11
03-04-2020,Kerala,32,Palakkad,593,6,6,0,0,19610,19563,47,4
03-04-2020,Kerala,32,Malappuram,592,13,12,1,0,14794,14694,100,59
03-04-2020,Kerala,32,Kozhikode,591,7,5,2,0,21934,21908,26,13
03-04-2020,Kerala,32,Wayanad,590,3,3,0,0,10842,10835,7,3
03-04-2020,Kerala,32,Kannur,589,48,40,8,0,10352,10244,108,24
03-04-2020,Kerala,32,Kasaragod,588,136,131,5,0,10248,10064,184,17
04-04-2020,Kerala,32,Thiruvananthapuram,601,13,7,5,1,17443,17342,101,30
04-04-2020,Kerala,32,Kollam,600,6,6,0,0,15935,15919,16,0
04-04-2020,Kerala,32,Pathanamthitta,599,13,5,8,0,7980,7961,19,0
04-04-2020,Kerala,32,Idukki,596,10,7,3,0,3137,3129,8,1
04-04-2020,Kerala,32,Kottayam,597,3,0,3,0,3265,3261,4,3
04-04-2020,Kerala,32,Alappuzha,598,3,2,1,0,7979,7966,13,3
04-04-2020,Kerala,32,Ernakulam,595,25,19,5,1,11878,11842,36,4
04-04-2020,Kerala,32,Thrissur,594,12,10,2,0,14219,14183,36,7
04-04-2020,Kerala,32,Palakkad,593,7,7,0,0,19325,19279,46,5
04-04-2020,Kerala,32,Malappuram,592,13,12,1,0,16522,16396,126,48
04-04-2020,Kerala,32,Kozhikode,591,7,5,2,0,21934,21902,32,14
04-04-2020,Kerala,32,Wayanad,590,3,3,0,0,10907,10900,7,1
04-04-2020,Kerala,32,Kannur,589,49,34,15,0,10276,10181,95,23
04-04-2020,Kerala,32,Kasaragod,588,142,137,5,0,10555,10360,195,35
05-04-2020,Kerala,32,Thiruvananthapuram,601,13,7,5,1,17748,17646,102,18
05-04-2020,Kerala,32,Kollam,600,6,6,0,0,12670,12661,9,3
05-04-2020,Kerala,32,Pathanamthitta,599,14,6,8,0,7697,7683,14,5
05-04-2020,Kerala,32,Idukki,596,10,7,3,0,3608,3600,8,0
05-04-2020,Kerala,32,Kottayam,597,3,0,3,0,3326,3324,2,0
05-04-2020,Kerala,32,Alappuzha,598,3,2,1,0,8502,8487,15,8
05-04-2020,Kerala,32,Ernakulam,595,25,19,5,1,1183,1142,41,9
05-04-2020,Kerala,32,Thrissur,594,12,10,2,0,14501,14463,38,6
05-04-2020,Kerala,32,Palakkad,593,7,7,0,0,18531,18502,29,6
05-04-2020,Kerala,32,Malappuram,592,13,11,2,0,16850,16694,156,61
05-04-2020,Kerala,32,Kozhikode,591,12,9,3,0,21934,21899,35,13
05-04-2020,Kerala,32,Wayanad,590,3,3,0,0,10906,10898,8,1
05-04-2020,Kerala,32,Kannur,589,50,31,19,0,10430,10343,87,15
05-04-2020,Kerala,32,Kasaragod,588,143,138,5,0,10731,10499,232,43
06-04-2020,Kerala,32,Thiruvananthapuram,601,13,7,5,1,12470,12365,105,25
06-04-2020,Kerala,32,Kollam,600,7,6,1,0,11374,11365,9,1
06-04-2020,Kerala,32,Pathanamthitta,599,15,7,8,0,7716,7700,16,3
06-04-2020,Kerala,32,Idukki,596,10,7,3,0,3723,3715,8,0
06-04-2020,Kerala,32,Kottayam,597,3,0,3,0,3222,3219,3,3
06-04-2020,Kerala,32,Alappuzha,598,3,2,1,0,8743,8731,12,3
06-04-2020,Kerala,32,Ernakulam,595,25,19,5,1,707,672,35,1
06-04-2020,Kerala,32,Thrissur,594,12,9,3,0,14716,14677,39,4
06-04-2020,Kerala,32,Palakkad,593,7,7,0,0,18427,18395,32,10
06-04-2020,Kerala,32,Malappuram,592,15,13,2,0,16453,16285,168,11
06-04-2020,Kerala,32,Kozhikode,591,12,9,3,0,21934,21897,37,13
06-04-2020,Kerala,32,Wayanad,590,3,3,0,0,11588,11579,9,2
06-04-2020,Kerala,32,Kannur,589,50,30,20,0,10895,10794,101,30
06-04-2020,Kerala,32,Kasaragod,588,152,147,5,0,10836,10615,221,16
07-04-2020,Kerala,32,Thiruvananthapuram,601,13,6,6,1,8475,8379,96,19
07-04-2020,Kerala,32,Kollam,600,8,7,1,0,9432,9417,15,10
07-04-2020,Kerala,32,Pathanamthitta,599,15,7,8,0,7516,7500,16,0
07-04-2020,Kerala,32,Idukki,596,10,7,3,0,4064,4055,9,1
07-04-2020,Kerala,32,Kottayam,597,3,0,3,0,3336,3332,4,1
07-04-2020,Kerala,32,Alappuzha,598,3,1,2,0,7766,7752,14,5
07-04-2020,Kerala,32,Ernakulam,595,25,15,9,1,3057,3024,33,2
07-04-2020,Kerala,32,Thrissur,594,12,9,3,0,15033,14996,37,5
07-04-2020,Kerala,32,Palakkad,593,7,7,0,0,18386,18355,31,6
07-04-2020,Kerala,32,Malappuram,592,16,14,2,0,14179,14042,137,44
07-04-2020,Kerala,32,Kozhikode,591,12,9,3,0,21934,21907,27,9
07-04-2020,Kerala,32,Wayanad,590,3,3,0,0,11860,11850,10,2
07-04-2020,Kerala,32,Kannur,589,53,28,25,0,10561,10469,92,13
07-04-2020,Kerala,32,Kasaragod,588,156,150,6,0,11087,10856,231,14
08-04-2020,Kerala,32,Thiruvananthapuram,601,13,4,8,1,6663,6571,92,23
08-04-2020,Kerala,32,Kollam,600,8,6,2,0,9237,9221,16,2
08-04-2020,Kerala,32,Pathanamthitta,599,16,8,8,0,7355,7340,15,6
08-04-2020,Kerala,32,Idukki,596,10,5,5,0,4255,4246,9,0
08-04-2020,Kerala,32,Kottayam,597,3,0,3,0,2552,2549,3,0
08-04-2020,Kerala,32,Alappuzha,598,5,3,2,0,7661,7646,15,1
08-04-2020,Kerala,32,Ernakulam,595,25,15,9,1,3090,3061,29,5
08-04-2020,Kerala,32,Thrissur,594,13,7,6,0,15716,15680,36,2
08-04-2020,Kerala,32,Palakkad,593,7,7,0,0,17454,17418,36,12
08-04-2020,Kerala,32,Malappuram,592,16,14,2,0,14136,14018,118,50
08-04-2020,Kerala,32,Kozhikode,591,12,7,5,0,20049,20025,24,9
08-04-2020,Kerala,32,Wayanad,590,3,1,2,0,12102,12092,10,2
08-04-2020,Kerala,32,Kannur,589,57,31,26,0,9403,9311,92,17
08-04-2020,Kerala,32,Kasaragod,588,157,151,6,0,10801,10547,254,40
